"id[String]","tile[Asset Reference]","floor[Bool]","key[String]","type[String]","rotation[Rotation]","color[Color]"
"0","2E619BB98B4D2C24","True","Floor","Underwater Keep","0.000000,0.000000,0.000000","0.033105,0.015996,0.246201,1.000000"
"1","EA8B775874388176","False","Wall","Underwater Keep","0.000000,0.000000,0.000000","0.723055,0.603827,0.184475,1.000000"
"-1","BFAC4F6C0B8F2C42","False","WallCorner","Underwater Keep","0.000000,0.000000,0.000000","0.000000,0.000000,0.000000,1.000000"
"S","0BADBADBADBADBAD","False","Spawn","Underwater Keep","0.000000,0.000000,0.000000","0.057805,0.401978,0.318547,1.000000"
"E","0BADBADBADBADBAD","False","Enemy","Underwater Keep","0.000000,0.000000,0.000000","0.401978,0.057805,0.318547,1.000000"
"-2","9D4F328E3578C013","False","Roof","Underwater Keep","0.000000,0.000000,0.000000","0.000000,0.000000,0.000000,1.000000"
"P","1C94A69F8F48D621","False","Portal","Underwater Keep","0.000000,0.000000,0.000000","0.000000,0.000000,0.000000,1.000000"
"C","0BADBADBADBADBAD","False","Decor","Underwater Keep","0.000000,0.000000,0.000000","0.000000,0.000000,0.000000,1.000000"