"id[String]","tile[Asset Reference]","floor[Bool]","key[String]","rotation[Rotation]","color[Color]"
"0","A6468254D97B726F","True","Floor","0.000000,0.000000,0.000000","0.033105,0.015996,0.246201,1.000000"
"1","DA55159381C4C3CE","False","Wall","0.000000,0.000000,0.000000","0.723055,0.603827,0.184475,1.000000"
"-1","73BEEC752651DEE3","False","WallCorner","0.000000,0.000000,0.000000","0.000000,0.000000,0.000000,1.000000"
"S","0BADBADBADBADBAD","False","Spawn","0.000000,0.000000,0.000000","0.057805,0.401978,0.318547,1.000000"
"E","0BADBADBADBADBAD","False","Enemy","0.000000,0.000000,0.000000","0.401978,0.057805,0.318547,1.000000"
"-2","8D9725F4C577087A","False","Roof","0.000000,0.000000,0.000000","0.000000,0.000000,0.000000,1.000000"
"P","F76C19BFF0E6C96B","False","Portal","0.000000,0.000000,0.000000","0.000000,0.000000,0.000000,1.000000"
"C","0BADBADBADBADBAD","False","Decor","0.000000,0.000000,0.000000","0.000000,0.000000,0.000000,1.000000"